-1.282244161072097009e-05,0.000000000000000000e+00,0.000000000000000000e+00
-1.117906392939115490e-05,0.000000000000000000e+00,0.000000000000000000e+00
3.468201456155487172e-06,0.000000000000000000e+00,0.000000000000000000e+00
2.305672884736162375e-06,0.000000000000000000e+00,0.000000000000000000e+00
-8.890430481202359102e-06,0.000000000000000000e+00,0.000000000000000000e+00
1.520632154740758455e-05,0.000000000000000000e+00,0.000000000000000000e+00
-4.119414045704630870e-05,0.000000000000000000e+00,0.000000000000000000e+00
-1.212035808605139863e-05,0.000000000000000000e+00,0.000000000000000000e+00
-6.236346227283155478e-06,0.000000000000000000e+00,0.000000000000000000e+00
1.977901752488802289e-05,0.000000000000000000e+00,0.000000000000000000e+00
-1.230917060956856179e-05,0.000000000000000000e+00,0.000000000000000000e+00
1.841070333269914395e-05,0.000000000000000000e+00,0.000000000000000000e+00
2.003867600458419934e-05,0.000000000000000000e+00,0.000000000000000000e+00
-1.952968790782782377e-05,0.000000000000000000e+00,0.000000000000000000e+00
2.295270487065481803e-05,0.000000000000000000e+00,0.000000000000000000e+00
-2.946948672597522682e-05,0.000000000000000000e+00,0.000000000000000000e+00
-4.707923933699182918e-05,0.000000000000000000e+00,0.000000000000000000e+00
1.830583801358834386e-05,0.000000000000000000e+00,0.000000000000000000e+00
2.721198412050729871e-05,0.000000000000000000e+00,0.000000000000000000e+00
-1.548797738631658419e-05,0.000000000000000000e+00,0.000000000000000000e+00
4.450666757175643649e-05,0.000000000000000000e+00,0.000000000000000000e+00
1.135058865094035430e-05,0.000000000000000000e+00,0.000000000000000000e+00
7.893877769598216240e-06,0.000000000000000000e+00,0.000000000000000000e+00
-4.366882051359214506e-05,0.000000000000000000e+00,0.000000000000000000e+00
-2.606800067870937594e-05,0.000000000000000000e+00,0.000000000000000000e+00
-3.997682250328489343e-05,0.000000000000000000e+00,0.000000000000000000e+00
-9.353294055628510323e-06,0.000000000000000000e+00,0.000000000000000000e+00
-1.343480004753002955e-05,0.000000000000000000e+00,0.000000000000000000e+00
2.221264226115889198e-05,0.000000000000000000e+00,0.000000000000000000e+00
-1.420361508529020051e-05,0.000000000000000000e+00,0.000000000000000000e+00
2.315075024381871150e-07,0.000000000000000000e+00,0.000000000000000000e+00
1.791388599911826216e-05,0.000000000000000000e+00,0.000000000000000000e+00
2.843063111013491005e-05,0.000000000000000000e+00,0.000000000000000000e+00
-1.073417172108187916e-05,0.000000000000000000e+00,0.000000000000000000e+00
-2.394740717685826654e-05,0.000000000000000000e+00,0.000000000000000000e+00
-1.066017101410526429e-05,0.000000000000000000e+00,0.000000000000000000e+00
2.746530753911818713e-05,0.000000000000000000e+00,0.000000000000000000e+00
-1.437068219987788169e-05,0.000000000000000000e+00,0.000000000000000000e+00
-1.206973069126318106e-05,0.000000000000000000e+00,0.000000000000000000e+00
2.424286814867915830e-05,0.000000000000000000e+00,0.000000000000000000e+00
6.915143268794276258e-06,0.000000000000000000e+00,0.000000000000000000e+00
-3.785731422737738885e-06,0.000000000000000000e+00,0.000000000000000000e+00
2.423572250529648409e-05,0.000000000000000000e+00,0.000000000000000000e+00
1.329378764391125399e-05,0.000000000000000000e+00,0.000000000000000000e+00
6.675817921713366696e-06,0.000000000000000000e+00,0.000000000000000000e+00
-1.174240491988414248e-05,0.000000000000000000e+00,0.000000000000000000e+00
-1.631428750240583424e-05,0.000000000000000000e+00,0.000000000000000000e+00
-3.003482051628985158e-05,0.000000000000000000e+00,0.000000000000000000e+00
-3.442261087053347869e-06,0.000000000000000000e+00,0.000000000000000000e+00
-2.542318859004377918e-05,0.000000000000000000e+00,0.000000000000000000e+00
-1.690664306615805994e-05,0.000000000000000000e+00,0.000000000000000000e+00
-6.768859844293071838e-06,0.000000000000000000e+00,0.000000000000000000e+00
1.550084340017242180e-05,0.000000000000000000e+00,0.000000000000000000e+00
1.980689471815191933e-05,0.000000000000000000e+00,0.000000000000000000e+00
-1.506308316939776336e-05,0.000000000000000000e+00,0.000000000000000000e+00
-3.072738803866538075e-05,0.000000000000000000e+00,0.000000000000000000e+00
-4.038657236234164061e-05,0.000000000000000000e+00,0.000000000000000000e+00
3.701471495600359513e-05,0.000000000000000000e+00,0.000000000000000000e+00
-1.252573015731353878e-05,0.000000000000000000e+00,0.000000000000000000e+00
6.534328214578129971e-06,0.000000000000000000e+00,0.000000000000000000e+00
-3.636346688278810401e-05,0.000000000000000000e+00,0.000000000000000000e+00
-2.532347230360170584e-06,0.000000000000000000e+00,0.000000000000000000e+00
-3.282924227826662916e-05,0.000000000000000000e+00,0.000000000000000000e+00
3.559877953464589997e-05,0.000000000000000000e+00,0.000000000000000000e+00
-2.505193219753790279e-05,0.000000000000000000e+00,0.000000000000000000e+00
-1.223498717096581111e-05,0.000000000000000000e+00,0.000000000000000000e+00
-2.475676560302840073e-06,0.000000000000000000e+00,0.000000000000000000e+00
2.098019908531140008e-05,0.000000000000000000e+00,0.000000000000000000e+00
1.675715494463011996e-05,0.000000000000000000e+00,0.000000000000000000e+00
2.223791957881144805e-05,0.000000000000000000e+00,0.000000000000000000e+00
2.672240494989002601e-05,0.000000000000000000e+00,0.000000000000000000e+00
-3.473183815968834567e-05,0.000000000000000000e+00,0.000000000000000000e+00
7.772044484304789014e-06,0.000000000000000000e+00,0.000000000000000000e+00
1.293534020789613831e-05,0.000000000000000000e+00,0.000000000000000000e+00
-7.416828337819140640e-06,0.000000000000000000e+00,0.000000000000000000e+00
-9.582620960754574394e-06,0.000000000000000000e+00,0.000000000000000000e+00
-1.356499173913275286e-06,0.000000000000000000e+00,0.000000000000000000e+00
4.601497968876290469e-06,0.000000000000000000e+00,0.000000000000000000e+00
4.587828974084158446e-06,0.000000000000000000e+00,0.000000000000000000e+00
2.743642885728954421e-05,0.000000000000000000e+00,0.000000000000000000e+00
-1.829020998648226608e-06,0.000000000000000000e+00,0.000000000000000000e+00
3.058364561361689738e-05,0.000000000000000000e+00,0.000000000000000000e+00
6.561472262787073342e-06,0.000000000000000000e+00,0.000000000000000000e+00
9.842015202987391224e-06,0.000000000000000000e+00,0.000000000000000000e+00
-3.060208589079626846e-05,0.000000000000000000e+00,0.000000000000000000e+00
1.352620547921759033e-05,0.000000000000000000e+00,0.000000000000000000e+00
2.382283180928871169e-05,0.000000000000000000e+00,0.000000000000000000e+00
9.369494475627686359e-06,0.000000000000000000e+00,0.000000000000000000e+00
-1.253424954013045231e-05,0.000000000000000000e+00,0.000000000000000000e+00
2.875383536739290890e-05,0.000000000000000000e+00,0.000000000000000000e+00
3.803898184016160851e-06,0.000000000000000000e+00,0.000000000000000000e+00
-4.929642471401005514e-06,0.000000000000000000e+00,0.000000000000000000e+00
3.135225854907489800e-05,0.000000000000000000e+00,0.000000000000000000e+00
4.452015396885337735e-06,0.000000000000000000e+00,0.000000000000000000e+00
-5.263878634595135418e-06,0.000000000000000000e+00,0.000000000000000000e+00
1.671132767615650925e-05,0.000000000000000000e+00,0.000000000000000000e+00
2.160402358418228420e-05,0.000000000000000000e+00,0.000000000000000000e+00
1.819195338217617283e-05,0.000000000000000000e+00,0.000000000000000000e+00
5.092530357088837509e-06,0.000000000000000000e+00,0.000000000000000000e+00
2.966220568033279227e-06,0.000000000000000000e+00,0.000000000000000000e+00
-1.288505716179355089e-05,0.000000000000000000e+00,0.000000000000000000e+00
1.490671840282205435e-05,0.000000000000000000e+00,0.000000000000000000e+00
5.345310510166939707e-06,0.000000000000000000e+00,0.000000000000000000e+00
2.481810751621492040e-05,0.000000000000000000e+00,0.000000000000000000e+00
1.507429716984889052e-05,0.000000000000000000e+00,0.000000000000000000e+00
-7.275827285247046478e-08,0.000000000000000000e+00,0.000000000000000000e+00
1.343006866854212376e-05,0.000000000000000000e+00,0.000000000000000000e+00
2.983787451581325603e-05,0.000000000000000000e+00,0.000000000000000000e+00
3.213938012206519085e-05,0.000000000000000000e+00,0.000000000000000000e+00
-1.580884658504914914e-05,0.000000000000000000e+00,0.000000000000000000e+00
-1.032132688653795241e-05,0.000000000000000000e+00,0.000000000000000000e+00
2.965249094344926811e-05,0.000000000000000000e+00,0.000000000000000000e+00
-4.822949949502035420e-06,0.000000000000000000e+00,0.000000000000000000e+00
-1.157695943960434213e-05,0.000000000000000000e+00,0.000000000000000000e+00
-2.065883278172780851e-05,0.000000000000000000e+00,0.000000000000000000e+00
-1.320386311472330572e-05,0.000000000000000000e+00,0.000000000000000000e+00
7.448831481178565454e-06,0.000000000000000000e+00,0.000000000000000000e+00
-1.957493928802218780e-05,0.000000000000000000e+00,0.000000000000000000e+00
3.561963549802150118e-06,0.000000000000000000e+00,0.000000000000000000e+00
7.742414737650762040e-06,0.000000000000000000e+00,0.000000000000000000e+00
-2.172437254142651426e-05,0.000000000000000000e+00,0.000000000000000000e+00
1.051062803200803606e-06,0.000000000000000000e+00,0.000000000000000000e+00
-1.727584412125895164e-05,0.000000000000000000e+00,0.000000000000000000e+00
7.468689758794861296e-06,0.000000000000000000e+00,0.000000000000000000e+00
5.149528699029676243e-06,0.000000000000000000e+00,0.000000000000000000e+00
1.228701746270535004e-05,0.000000000000000000e+00,0.000000000000000000e+00
6.916681989209603367e-06,0.000000000000000000e+00,0.000000000000000000e+00
-1.037429161631036474e-05,0.000000000000000000e+00,0.000000000000000000e+00
1.645551028565468804e-05,0.000000000000000000e+00,0.000000000000000000e+00
-5.735735461506007934e-06,0.000000000000000000e+00,0.000000000000000000e+00
-3.349624008856576734e-05,0.000000000000000000e+00,0.000000000000000000e+00
-9.400988308166460409e-06,0.000000000000000000e+00,0.000000000000000000e+00
1.003592621768946411e-05,0.000000000000000000e+00,0.000000000000000000e+00
1.672568124128757683e-05,0.000000000000000000e+00,0.000000000000000000e+00
5.729628037589259766e-08,0.000000000000000000e+00,0.000000000000000000e+00
6.000495540256738628e-05,0.000000000000000000e+00,0.000000000000000000e+00
-1.458515621610330935e-05,0.000000000000000000e+00,0.000000000000000000e+00
-3.461458966838447668e-06,0.000000000000000000e+00,0.000000000000000000e+00
-2.540143569418003061e-05,0.000000000000000000e+00,0.000000000000000000e+00
-4.112613457312343848e-07,0.000000000000000000e+00,0.000000000000000000e+00
-1.288292413826789199e-06,0.000000000000000000e+00,0.000000000000000000e+00
-9.336773128776194363e-07,0.000000000000000000e+00,0.000000000000000000e+00
-1.255277859050720244e-05,0.000000000000000000e+00,0.000000000000000000e+00
1.930737061091985905e-05,0.000000000000000000e+00,0.000000000000000000e+00
-4.649153180071384004e-06,0.000000000000000000e+00,0.000000000000000000e+00
2.400185421727736682e-06,0.000000000000000000e+00,0.000000000000000000e+00
2.399747003353228252e-05,0.000000000000000000e+00,0.000000000000000000e+00
1.631072722254328378e-05,0.000000000000000000e+00,0.000000000000000000e+00
-4.398877344000081308e-05,0.000000000000000000e+00,0.000000000000000000e+00
1.454129376390306539e-05,0.000000000000000000e+00,0.000000000000000000e+00
-7.171721271075991625e-06,0.000000000000000000e+00,0.000000000000000000e+00
7.039274499405448860e-06,0.000000000000000000e+00,0.000000000000000000e+00
-1.377236098698271173e-05,0.000000000000000000e+00,0.000000000000000000e+00
-1.156114433351023987e-05,0.000000000000000000e+00,0.000000000000000000e+00
1.778909622022662612e-05,0.000000000000000000e+00,0.000000000000000000e+00
2.262753573199973256e-05,0.000000000000000000e+00,0.000000000000000000e+00
-2.308450950273979071e-05,0.000000000000000000e+00,0.000000000000000000e+00
-1.908579774635290479e-05,0.000000000000000000e+00,0.000000000000000000e+00
2.328169752500196726e-05,0.000000000000000000e+00,0.000000000000000000e+00
2.901777795337168588e-06,0.000000000000000000e+00,0.000000000000000000e+00
5.941649345531713666e-06,0.000000000000000000e+00,0.000000000000000000e+00
-2.758706763222422488e-05,0.000000000000000000e+00,0.000000000000000000e+00
2.097328629571970987e-05,0.000000000000000000e+00,0.000000000000000000e+00
-2.465814255631520221e-05,0.000000000000000000e+00,0.000000000000000000e+00
1.897677820725163949e-05,0.000000000000000000e+00,0.000000000000000000e+00
-1.591088235374703503e-05,0.000000000000000000e+00,0.000000000000000000e+00
1.170891286951829758e-05,0.000000000000000000e+00,0.000000000000000000e+00
-9.465110894269119457e-06,0.000000000000000000e+00,0.000000000000000000e+00
-1.657261916826215756e-06,0.000000000000000000e+00,0.000000000000000000e+00
-3.827350936779266632e-05,0.000000000000000000e+00,0.000000000000000000e+00
1.370271114888961531e-05,0.000000000000000000e+00,0.000000000000000000e+00
1.578464768805188650e-05,0.000000000000000000e+00,0.000000000000000000e+00
2.796964702099081821e-06,0.000000000000000000e+00,0.000000000000000000e+00
-7.315259225118512483e-06,0.000000000000000000e+00,0.000000000000000000e+00
2.379599519578955513e-05,0.000000000000000000e+00,0.000000000000000000e+00
-4.212262452738706805e-06,0.000000000000000000e+00,0.000000000000000000e+00
-3.833463409931862144e-05,0.000000000000000000e+00,0.000000000000000000e+00
1.186291114616107935e-05,0.000000000000000000e+00,0.000000000000000000e+00
-2.622242486812669481e-06,0.000000000000000000e+00,0.000000000000000000e+00
-9.368349437693754737e-08,0.000000000000000000e+00,0.000000000000000000e+00
-2.629507618994628398e-05,0.000000000000000000e+00,0.000000000000000000e+00
1.671974535240369883e-05,0.000000000000000000e+00,0.000000000000000000e+00
2.276816267937264770e-05,0.000000000000000000e+00,0.000000000000000000e+00
-1.121275889627719704e-05,0.000000000000000000e+00,0.000000000000000000e+00
3.324412152892863278e-05,0.000000000000000000e+00,0.000000000000000000e+00
4.305329039820273569e-06,0.000000000000000000e+00,0.000000000000000000e+00
-1.117327521318504706e-05,0.000000000000000000e+00,0.000000000000000000e+00
-1.574774285907401856e-05,0.000000000000000000e+00,0.000000000000000000e+00
-5.805501610545621629e-06,0.000000000000000000e+00,0.000000000000000000e+00
7.594111184233544532e-06,0.000000000000000000e+00,0.000000000000000000e+00
3.169759374727238192e-05,0.000000000000000000e+00,0.000000000000000000e+00
3.849430917639279489e-05,0.000000000000000000e+00,0.000000000000000000e+00
-1.736370881112485876e-05,0.000000000000000000e+00,0.000000000000000000e+00
-1.667998253377876423e-05,0.000000000000000000e+00,0.000000000000000000e+00
-2.008836631782427774e-05,0.000000000000000000e+00,0.000000000000000000e+00
1.791554307316025536e-06,0.000000000000000000e+00,0.000000000000000000e+00
8.157588392997861427e-06,0.000000000000000000e+00,0.000000000000000000e+00
-1.059641539961563832e-05,0.000000000000000000e+00,0.000000000000000000e+00
-2.736561085211644434e-05,0.000000000000000000e+00,0.000000000000000000e+00
4.993456247739995685e-05,0.000000000000000000e+00,0.000000000000000000e+00
-3.360746896374547355e-05,0.000000000000000000e+00,0.000000000000000000e+00
-4.246007475291252908e-05,0.000000000000000000e+00,0.000000000000000000e+00
-1.059885563177622434e-06,0.000000000000000000e+00,0.000000000000000000e+00
1.062251044995980484e-05,0.000000000000000000e+00,0.000000000000000000e+00
3.707776416772065592e-05,0.000000000000000000e+00,0.000000000000000000e+00
2.225056154576321289e-05,0.000000000000000000e+00,0.000000000000000000e+00
1.520260189266619524e-05,0.000000000000000000e+00,0.000000000000000000e+00
2.012929460689676293e-05,0.000000000000000000e+00,0.000000000000000000e+00
5.696964831787699827e-07,0.000000000000000000e+00,0.000000000000000000e+00
-2.396341723246345388e-05,0.000000000000000000e+00,0.000000000000000000e+00
-8.835294388609268789e-07,0.000000000000000000e+00,0.000000000000000000e+00
4.465691773183292834e-06,0.000000000000000000e+00,0.000000000000000000e+00
-2.405130574028902340e-05,0.000000000000000000e+00,0.000000000000000000e+00
2.380295241571655649e-06,0.000000000000000000e+00,0.000000000000000000e+00
1.146399540514772806e-06,0.000000000000000000e+00,0.000000000000000000e+00
2.674524145556027364e-05,0.000000000000000000e+00,0.000000000000000000e+00
-2.809727044739792121e-05,0.000000000000000000e+00,0.000000000000000000e+00
3.317617889983227414e-05,0.000000000000000000e+00,0.000000000000000000e+00
-1.730268653408649225e-05,0.000000000000000000e+00,0.000000000000000000e+00
2.116934624248338873e-06,0.000000000000000000e+00,0.000000000000000000e+00
-2.091695312854282787e-05,0.000000000000000000e+00,0.000000000000000000e+00
1.840979752840834764e-05,0.000000000000000000e+00,0.000000000000000000e+00
-3.456758141424297621e-06,0.000000000000000000e+00,0.000000000000000000e+00
3.115986459723909689e-05,0.000000000000000000e+00,0.000000000000000000e+00
1.920031161389108913e-05,0.000000000000000000e+00,0.000000000000000000e+00
-3.684417474548921207e-05,0.000000000000000000e+00,0.000000000000000000e+00
3.049580394639469027e-06,0.000000000000000000e+00,0.000000000000000000e+00
-1.802648564108409260e-05,0.000000000000000000e+00,0.000000000000000000e+00
3.188468774805037207e-05,0.000000000000000000e+00,0.000000000000000000e+00
-4.948321640157954977e-06,0.000000000000000000e+00,0.000000000000000000e+00
5.578649711416310611e-06,0.000000000000000000e+00,0.000000000000000000e+00
-5.293145072534838841e-06,0.000000000000000000e+00,0.000000000000000000e+00
-3.477360571296729787e-06,0.000000000000000000e+00,0.000000000000000000e+00
3.951420254145205643e-05,0.000000000000000000e+00,0.000000000000000000e+00
-1.636737889032772347e-05,0.000000000000000000e+00,0.000000000000000000e+00
3.465497710410824592e-06,0.000000000000000000e+00,0.000000000000000000e+00
-1.534680337999013222e-05,0.000000000000000000e+00,0.000000000000000000e+00
-2.366822211000257814e-05,0.000000000000000000e+00,0.000000000000000000e+00
1.580639439685278004e-06,0.000000000000000000e+00,0.000000000000000000e+00
-2.782678259007231614e-05,0.000000000000000000e+00,0.000000000000000000e+00
-3.092991187643858391e-05,0.000000000000000000e+00,0.000000000000000000e+00
1.355492676319969163e-05,0.000000000000000000e+00,0.000000000000000000e+00
-5.140977735234392450e-06,0.000000000000000000e+00,0.000000000000000000e+00
2.488266092444097290e-05,0.000000000000000000e+00,0.000000000000000000e+00
-2.896780001983060733e-05,0.000000000000000000e+00,0.000000000000000000e+00
2.251103587298205658e-05,0.000000000000000000e+00,0.000000000000000000e+00
6.590088385980523139e-07,0.000000000000000000e+00,0.000000000000000000e+00
-2.010994161932820646e-06,0.000000000000000000e+00,0.000000000000000000e+00
-1.118687403010247025e-05,0.000000000000000000e+00,0.000000000000000000e+00
-3.462612561835915631e-05,0.000000000000000000e+00,0.000000000000000000e+00
2.664686909348796742e-05,0.000000000000000000e+00,0.000000000000000000e+00
5.333015709367326569e-06,0.000000000000000000e+00,0.000000000000000000e+00
-1.482507698709209557e-05,0.000000000000000000e+00,0.000000000000000000e+00
1.073789946324630320e-05,0.000000000000000000e+00,0.000000000000000000e+00
-1.428941978400217234e-05,0.000000000000000000e+00,0.000000000000000000e+00
5.764300248506746004e-06,0.000000000000000000e+00,0.000000000000000000e+00
-2.881400000033312002e-05,0.000000000000000000e+00,0.000000000000000000e+00
1.332938932138722400e-05,0.000000000000000000e+00,0.000000000000000000e+00
-5.028690727263436302e-06,0.000000000000000000e+00,0.000000000000000000e+00
8.802781682755153657e-06,0.000000000000000000e+00,0.000000000000000000e+00
-1.825984320020087394e-05,0.000000000000000000e+00,0.000000000000000000e+00
1.718842220156192166e-05,0.000000000000000000e+00,0.000000000000000000e+00
5.157179307158179321e-07,0.000000000000000000e+00,0.000000000000000000e+00
2.116782173315381098e-06,0.000000000000000000e+00,0.000000000000000000e+00
-7.434448292387634227e-06,0.000000000000000000e+00,0.000000000000000000e+00
-1.981761507505633399e-05,0.000000000000000000e+00,0.000000000000000000e+00
-3.820132444160824557e-05,0.000000000000000000e+00,0.000000000000000000e+00
3.037677239171054266e-05,0.000000000000000000e+00,0.000000000000000000e+00
3.934684681527239482e-06,0.000000000000000000e+00,0.000000000000000000e+00
2.695077620371757722e-05,0.000000000000000000e+00,0.000000000000000000e+00
-5.668940875982538939e-06,0.000000000000000000e+00,0.000000000000000000e+00
-1.782259299196144585e-05,0.000000000000000000e+00,0.000000000000000000e+00
-4.947490725951662633e-05,0.000000000000000000e+00,0.000000000000000000e+00
-2.227296448669782657e-05,0.000000000000000000e+00,0.000000000000000000e+00
-2.745123556044730295e-05,0.000000000000000000e+00,0.000000000000000000e+00
3.404870738550979758e-05,0.000000000000000000e+00,0.000000000000000000e+00
1.017284153727595999e-06,0.000000000000000000e+00,0.000000000000000000e+00
1.677142221970790215e-05,0.000000000000000000e+00,0.000000000000000000e+00
-3.858858006828695301e-05,0.000000000000000000e+00,0.000000000000000000e+00
-4.984317461219516630e-06,0.000000000000000000e+00,0.000000000000000000e+00
-3.187730611759666418e-05,0.000000000000000000e+00,0.000000000000000000e+00
-2.829113995589679047e-05,0.000000000000000000e+00,0.000000000000000000e+00
-2.173296304899736850e-05,0.000000000000000000e+00,0.000000000000000000e+00
-2.901212912726737009e-05,0.000000000000000000e+00,0.000000000000000000e+00
3.379964618365363018e-06,0.000000000000000000e+00,0.000000000000000000e+00
1.682410037453351797e-06,0.000000000000000000e+00,0.000000000000000000e+00
3.492825810812860151e-05,0.000000000000000000e+00,0.000000000000000000e+00
1.675508809188332449e-06,0.000000000000000000e+00,0.000000000000000000e+00
-1.502521416197275187e-05,0.000000000000000000e+00,0.000000000000000000e+00
1.102670237316398119e-05,0.000000000000000000e+00,0.000000000000000000e+00
-1.910321477927392521e-05,0.000000000000000000e+00,0.000000000000000000e+00
-1.270839348680989059e-06,0.000000000000000000e+00,0.000000000000000000e+00
-1.113425104818415062e-05,0.000000000000000000e+00,0.000000000000000000e+00
-2.760078376221971298e-05,0.000000000000000000e+00,0.000000000000000000e+00
1.482679763988773169e-05,0.000000000000000000e+00,0.000000000000000000e+00
1.454313395696403580e-05,0.000000000000000000e+00,0.000000000000000000e+00
4.588263704731542441e-05,0.000000000000000000e+00,0.000000000000000000e+00
-4.751043032258944906e-05,0.000000000000000000e+00,0.000000000000000000e+00
2.936455331172948910e-06,0.000000000000000000e+00,0.000000000000000000e+00
2.532021300439200897e-05,0.000000000000000000e+00,0.000000000000000000e+00
-5.508666751499910872e-06,0.000000000000000000e+00,0.000000000000000000e+00
-2.180996826318858526e-05,0.000000000000000000e+00,0.000000000000000000e+00
-3.682157151687995582e-05,0.000000000000000000e+00,0.000000000000000000e+00
-3.237492462564900734e-05,0.000000000000000000e+00,0.000000000000000000e+00
-4.372326732420049178e-06,0.000000000000000000e+00,0.000000000000000000e+00
-2.255975222277475996e-05,0.000000000000000000e+00,0.000000000000000000e+00
1.524736704623682195e-05,0.000000000000000000e+00,0.000000000000000000e+00
-8.563759443186724827e-07,0.000000000000000000e+00,0.000000000000000000e+00
-1.975767191437925236e-05,0.000000000000000000e+00,0.000000000000000000e+00
4.152004178504945487e-07,0.000000000000000000e+00,0.000000000000000000e+00
2.634675481496654049e-05,0.000000000000000000e+00,0.000000000000000000e+00
3.912712663091761831e-05,0.000000000000000000e+00,0.000000000000000000e+00
6.599006538250664839e-07,0.000000000000000000e+00,0.000000000000000000e+00
2.710705085023375849e-06,0.000000000000000000e+00,0.000000000000000000e+00
-1.224336503263365831e-05,0.000000000000000000e+00,0.000000000000000000e+00
-1.347024415807140879e-05,0.000000000000000000e+00,0.000000000000000000e+00
-2.168141721300924634e-06,0.000000000000000000e+00,0.000000000000000000e+00
1.339287611384546486e-06,0.000000000000000000e+00,0.000000000000000000e+00
2.799080196068033947e-05,0.000000000000000000e+00,0.000000000000000000e+00
-1.939824323638188880e-05,0.000000000000000000e+00,0.000000000000000000e+00
1.799843514552033766e-05,0.000000000000000000e+00,0.000000000000000000e+00
-4.966497682446842562e-06,0.000000000000000000e+00,0.000000000000000000e+00
-3.597697515386630274e-07,0.000000000000000000e+00,0.000000000000000000e+00
3.981198217090676980e-07,0.000000000000000000e+00,0.000000000000000000e+00
3.451348033267424267e-05,0.000000000000000000e+00,0.000000000000000000e+00
2.033642946816984151e-05,0.000000000000000000e+00,0.000000000000000000e+00
1.036873146659367516e-05,0.000000000000000000e+00,0.000000000000000000e+00
-3.951624589508875942e-06,0.000000000000000000e+00,0.000000000000000000e+00
-3.088413283954180024e-05,0.000000000000000000e+00,0.000000000000000000e+00
-5.788088827888830559e-06,0.000000000000000000e+00,0.000000000000000000e+00
3.353714451440265639e-05,0.000000000000000000e+00,0.000000000000000000e+00
-1.476233143100884671e-05,0.000000000000000000e+00,0.000000000000000000e+00
2.585262784607346998e-05,0.000000000000000000e+00,0.000000000000000000e+00
1.258078501371793459e-05,0.000000000000000000e+00,0.000000000000000000e+00
-3.078745511411742843e-05,0.000000000000000000e+00,0.000000000000000000e+00
-1.511158788708860905e-05,0.000000000000000000e+00,0.000000000000000000e+00
2.356616223471027927e-05,0.000000000000000000e+00,0.000000000000000000e+00
1.267719065153419870e-08,0.000000000000000000e+00,0.000000000000000000e+00
-7.677676198263357410e-07,0.000000000000000000e+00,0.000000000000000000e+00
-2.484753035692894454e-05,0.000000000000000000e+00,0.000000000000000000e+00
1.071343253057224852e-05,0.000000000000000000e+00,0.000000000000000000e+00
7.733847015965380757e-06,0.000000000000000000e+00,0.000000000000000000e+00
3.345213138730566190e-05,0.000000000000000000e+00,0.000000000000000000e+00
1.617083257677102428e-05,0.000000000000000000e+00,0.000000000000000000e+00
-1.614218707798786894e-05,0.000000000000000000e+00,0.000000000000000000e+00
2.926036951273057501e-05,0.000000000000000000e+00,0.000000000000000000e+00
2.083019859443822926e-05,0.000000000000000000e+00,0.000000000000000000e+00
-2.068048458040931597e-05,0.000000000000000000e+00,0.000000000000000000e+00
4.889800628179955028e-06,0.000000000000000000e+00,0.000000000000000000e+00
2.140657844705251987e-05,0.000000000000000000e+00,0.000000000000000000e+00
-2.753560776008338832e-06,0.000000000000000000e+00,0.000000000000000000e+00
-8.843298743772111072e-06,0.000000000000000000e+00,0.000000000000000000e+00
-4.072301440815608123e-06,0.000000000000000000e+00,0.000000000000000000e+00
2.389617060834356007e-05,0.000000000000000000e+00,0.000000000000000000e+00
5.554162471734331861e-06,0.000000000000000000e+00,0.000000000000000000e+00
-1.367670212190661433e-05,0.000000000000000000e+00,0.000000000000000000e+00
-1.173275693946180945e-05,0.000000000000000000e+00,0.000000000000000000e+00
-8.833842190994474245e-06,0.000000000000000000e+00,0.000000000000000000e+00
-2.870341893434852503e-05,0.000000000000000000e+00,0.000000000000000000e+00
2.230045189022882929e-05,0.000000000000000000e+00,0.000000000000000000e+00
-5.404670694124848314e-06,0.000000000000000000e+00,0.000000000000000000e+00
2.400101177969794403e-05,0.000000000000000000e+00,0.000000000000000000e+00
-3.783172118269147090e-05,0.000000000000000000e+00,0.000000000000000000e+00
-2.943577159967504151e-05,0.000000000000000000e+00,0.000000000000000000e+00
6.903258325751475728e-06,0.000000000000000000e+00,0.000000000000000000e+00
-1.987211506983078113e-06,0.000000000000000000e+00,0.000000000000000000e+00
-2.847931087227389897e-06,0.000000000000000000e+00,0.000000000000000000e+00
2.563972754777361933e-06,0.000000000000000000e+00,0.000000000000000000e+00
-8.141706889355343254e-06,0.000000000000000000e+00,0.000000000000000000e+00
7.675158422092725504e-06,0.000000000000000000e+00,0.000000000000000000e+00
1.138254124522823417e-05,0.000000000000000000e+00,0.000000000000000000e+00
-7.372506451248017106e-06,0.000000000000000000e+00,0.000000000000000000e+00
-7.726781720641782511e-06,0.000000000000000000e+00,0.000000000000000000e+00
1.181167382993859103e-05,0.000000000000000000e+00,0.000000000000000000e+00
2.179816682243622289e-05,0.000000000000000000e+00,0.000000000000000000e+00
2.266836981655216498e-05,0.000000000000000000e+00,0.000000000000000000e+00
3.255545567573660747e-05,0.000000000000000000e+00,0.000000000000000000e+00
1.958913211677672691e-06,0.000000000000000000e+00,0.000000000000000000e+00
-4.414524314094109492e-05,0.000000000000000000e+00,0.000000000000000000e+00
-1.841923533349478194e-07,0.000000000000000000e+00,0.000000000000000000e+00
-8.206922099919827755e-07,0.000000000000000000e+00,0.000000000000000000e+00
-7.230609808108853757e-06,0.000000000000000000e+00,0.000000000000000000e+00
-6.359648498912332006e-06,0.000000000000000000e+00,0.000000000000000000e+00
-3.974671358786783392e-06,0.000000000000000000e+00,0.000000000000000000e+00
-7.670955015151867810e-06,0.000000000000000000e+00,0.000000000000000000e+00
2.045684665911263285e-05,0.000000000000000000e+00,0.000000000000000000e+00
-1.587950460157038545e-05,0.000000000000000000e+00,0.000000000000000000e+00
2.062471539539455654e-05,0.000000000000000000e+00,0.000000000000000000e+00
-3.229184253765605007e-06,0.000000000000000000e+00,0.000000000000000000e+00
2.854609201888671285e-05,0.000000000000000000e+00,0.000000000000000000e+00
2.591609264620892548e-05,0.000000000000000000e+00,0.000000000000000000e+00
-2.578063193384952135e-05,0.000000000000000000e+00,0.000000000000000000e+00
3.960107842056383452e-06,0.000000000000000000e+00,0.000000000000000000e+00
1.807091050018442156e-05,0.000000000000000000e+00,0.000000000000000000e+00
1.593944645725629404e-05,0.000000000000000000e+00,0.000000000000000000e+00
2.309029686113991901e-05,0.000000000000000000e+00,0.000000000000000000e+00
-1.635505652677550056e-05,0.000000000000000000e+00,0.000000000000000000e+00
6.198670526972877969e-06,0.000000000000000000e+00,0.000000000000000000e+00
-1.041342197466788335e-05,0.000000000000000000e+00,0.000000000000000000e+00
1.618262776757023561e-05,0.000000000000000000e+00,0.000000000000000000e+00
1.893282518313137714e-05,0.000000000000000000e+00,0.000000000000000000e+00
-1.053609527912386516e-05,0.000000000000000000e+00,0.000000000000000000e+00
1.347846115573159804e-05,0.000000000000000000e+00,0.000000000000000000e+00
-2.666491325864050248e-05,0.000000000000000000e+00,0.000000000000000000e+00
-1.509913795602825790e-05,0.000000000000000000e+00,0.000000000000000000e+00
2.225146939094933974e-06,0.000000000000000000e+00,0.000000000000000000e+00
-1.194228787146030199e-05,0.000000000000000000e+00,0.000000000000000000e+00
-1.095304028301637538e-05,0.000000000000000000e+00,0.000000000000000000e+00
-2.329640036107066646e-05,0.000000000000000000e+00,0.000000000000000000e+00
1.602866586608420101e-05,0.000000000000000000e+00,0.000000000000000000e+00
-5.337458306172359143e-05,0.000000000000000000e+00,0.000000000000000000e+00
1.028265659007210464e-05,0.000000000000000000e+00,0.000000000000000000e+00
2.414705096174138327e-06,0.000000000000000000e+00,0.000000000000000000e+00
-9.560099617418914487e-07,0.000000000000000000e+00,0.000000000000000000e+00
-7.203041560647894117e-06,0.000000000000000000e+00,0.000000000000000000e+00
-3.204702219844140181e-05,0.000000000000000000e+00,0.000000000000000000e+00
1.854135591611907400e-05,0.000000000000000000e+00,0.000000000000000000e+00
-1.390218109776862565e-05,0.000000000000000000e+00,0.000000000000000000e+00
5.073188738324263266e-06,0.000000000000000000e+00,0.000000000000000000e+00
-2.373281373699809860e-05,0.000000000000000000e+00,0.000000000000000000e+00
-2.032453436430273943e-05,0.000000000000000000e+00,0.000000000000000000e+00
4.687898342957933531e-05,0.000000000000000000e+00,0.000000000000000000e+00
1.756376221592321183e-05,0.000000000000000000e+00,0.000000000000000000e+00
-1.750308180972387324e-05,0.000000000000000000e+00,0.000000000000000000e+00
1.456216800902647443e-05,0.000000000000000000e+00,0.000000000000000000e+00
3.257649769503888256e-05,0.000000000000000000e+00,0.000000000000000000e+00
3.383709142265012531e-05,0.000000000000000000e+00,0.000000000000000000e+00
1.698747896690873562e-05,0.000000000000000000e+00,0.000000000000000000e+00
-1.361750853122810363e-05,0.000000000000000000e+00,0.000000000000000000e+00
-1.986996868174845241e-06,0.000000000000000000e+00,0.000000000000000000e+00
-6.811984431794693215e-06,0.000000000000000000e+00,0.000000000000000000e+00
-3.189333850949248517e-05,0.000000000000000000e+00,0.000000000000000000e+00
-2.992252349231947913e-05,0.000000000000000000e+00,0.000000000000000000e+00
1.513289755143116317e-05,0.000000000000000000e+00,0.000000000000000000e+00
-2.022685621037149215e-05,0.000000000000000000e+00,0.000000000000000000e+00
1.686022800894593666e-05,0.000000000000000000e+00,0.000000000000000000e+00
-1.531288789664802223e-05,0.000000000000000000e+00,0.000000000000000000e+00
-1.359504390436118955e-05,0.000000000000000000e+00,0.000000000000000000e+00
-3.802133658637342213e-06,0.000000000000000000e+00,0.000000000000000000e+00
2.998766681647524896e-05,0.000000000000000000e+00,0.000000000000000000e+00
1.871211249746438399e-05,0.000000000000000000e+00,0.000000000000000000e+00
2.519709501546304998e-05,0.000000000000000000e+00,0.000000000000000000e+00
3.097899801563331837e-05,0.000000000000000000e+00,0.000000000000000000e+00
2.969636972699598587e-05,0.000000000000000000e+00,0.000000000000000000e+00
2.498979756909467200e-05,0.000000000000000000e+00,0.000000000000000000e+00
-1.635391996882839551e-05,0.000000000000000000e+00,0.000000000000000000e+00
-3.491864104800345797e-05,0.000000000000000000e+00,0.000000000000000000e+00
-3.880927354072593916e-05,0.000000000000000000e+00,0.000000000000000000e+00
3.939897820941882654e-05,0.000000000000000000e+00,0.000000000000000000e+00
-4.524854261781278277e-06,0.000000000000000000e+00,0.000000000000000000e+00
-4.516231693377079819e-05,0.000000000000000000e+00,0.000000000000000000e+00
9.391927794159887895e-07,0.000000000000000000e+00,0.000000000000000000e+00
-5.414064836272388321e-06,0.000000000000000000e+00,0.000000000000000000e+00
-6.435512552723498538e-07,0.000000000000000000e+00,0.000000000000000000e+00
5.293574557137470430e-06,0.000000000000000000e+00,0.000000000000000000e+00
-3.969258855769447551e-05,0.000000000000000000e+00,0.000000000000000000e+00
-1.081478286508984074e-05,0.000000000000000000e+00,0.000000000000000000e+00
-2.035827508132815591e-05,0.000000000000000000e+00,0.000000000000000000e+00
-1.112119527265506493e-05,0.000000000000000000e+00,0.000000000000000000e+00
-8.148642354215837876e-06,0.000000000000000000e+00,0.000000000000000000e+00
5.483718995071192364e-06,0.000000000000000000e+00,0.000000000000000000e+00
1.059208128803471361e-05,0.000000000000000000e+00,0.000000000000000000e+00
7.875323132126413168e-06,0.000000000000000000e+00,0.000000000000000000e+00
4.247455809729630972e-05,0.000000000000000000e+00,0.000000000000000000e+00
2.958968333685603470e-06,0.000000000000000000e+00,0.000000000000000000e+00
-2.147926413882039762e-06,0.000000000000000000e+00,0.000000000000000000e+00
3.101336017296647325e-05,0.000000000000000000e+00,0.000000000000000000e+00
-6.038006374524018074e-07,0.000000000000000000e+00,0.000000000000000000e+00
2.309962734718380962e-06,0.000000000000000000e+00,0.000000000000000000e+00
1.606617602398009882e-05,0.000000000000000000e+00,0.000000000000000000e+00
1.500891972546831337e-05,0.000000000000000000e+00,0.000000000000000000e+00
-2.812521760077913392e-05,0.000000000000000000e+00,0.000000000000000000e+00
-1.536617195722823320e-05,0.000000000000000000e+00,0.000000000000000000e+00
3.691261214322108674e-06,0.000000000000000000e+00,0.000000000000000000e+00
1.176074813348855073e-05,0.000000000000000000e+00,0.000000000000000000e+00
-1.864644257414964823e-05,0.000000000000000000e+00,0.000000000000000000e+00
-1.290218082681636147e-05,0.000000000000000000e+00,0.000000000000000000e+00
-1.720428048196285072e-05,0.000000000000000000e+00,0.000000000000000000e+00
1.385345874464408794e-05,0.000000000000000000e+00,0.000000000000000000e+00
8.286036663539618922e-06,0.000000000000000000e+00,0.000000000000000000e+00
1.533110459990114809e-05,0.000000000000000000e+00,0.000000000000000000e+00
1.841613770637390865e-06,0.000000000000000000e+00,0.000000000000000000e+00
-2.850992833771763529e-06,0.000000000000000000e+00,0.000000000000000000e+00
2.586363261311804806e-05,0.000000000000000000e+00,0.000000000000000000e+00
2.842664255870350012e-06,0.000000000000000000e+00,0.000000000000000000e+00
5.800958802229355638e-06,0.000000000000000000e+00,0.000000000000000000e+00
-1.684216007539942388e-05,0.000000000000000000e+00,0.000000000000000000e+00
3.419893396880581128e-05,0.000000000000000000e+00,0.000000000000000000e+00
-7.948476919105428525e-06,0.000000000000000000e+00,0.000000000000000000e+00
2.969101976810214086e-05,0.000000000000000000e+00,0.000000000000000000e+00
2.798454032858418430e-05,0.000000000000000000e+00,0.000000000000000000e+00
1.340400427884702063e-05,0.000000000000000000e+00,0.000000000000000000e+00
3.430254126976978640e-05,0.000000000000000000e+00,0.000000000000000000e+00
-2.662851653257945812e-05,0.000000000000000000e+00,0.000000000000000000e+00
-6.726111688113160118e-06,0.000000000000000000e+00,0.000000000000000000e+00
8.736412243715755923e-07,0.000000000000000000e+00,0.000000000000000000e+00
5.069398921894720811e-06,0.000000000000000000e+00,0.000000000000000000e+00
1.205932186332072405e-05,0.000000000000000000e+00,0.000000000000000000e+00
-2.457111105156750748e-05,0.000000000000000000e+00,0.000000000000000000e+00
-1.158404985813120857e-05,0.000000000000000000e+00,0.000000000000000000e+00
2.744739255321791148e-05,0.000000000000000000e+00,0.000000000000000000e+00
-3.516856438947241925e-05,0.000000000000000000e+00,0.000000000000000000e+00
-6.336069669899503437e-06,0.000000000000000000e+00,0.000000000000000000e+00
-3.122464762413022451e-05,0.000000000000000000e+00,0.000000000000000000e+00
1.363743501848361753e-05,0.000000000000000000e+00,0.000000000000000000e+00
-2.859617611558244333e-05,0.000000000000000000e+00,0.000000000000000000e+00
5.695922729090896860e-05,0.000000000000000000e+00,0.000000000000000000e+00
-1.010475667679690911e-05,0.000000000000000000e+00,0.000000000000000000e+00
-3.369547277434369639e-05,0.000000000000000000e+00,0.000000000000000000e+00
1.410744728397550701e-05,0.000000000000000000e+00,0.000000000000000000e+00
-1.710739704955212539e-05,0.000000000000000000e+00,0.000000000000000000e+00
-5.009903353345506302e-07,0.000000000000000000e+00,0.000000000000000000e+00
-1.839951261825106777e-05,0.000000000000000000e+00,0.000000000000000000e+00
6.872808259951423057e-06,0.000000000000000000e+00,0.000000000000000000e+00
-7.750729561949688413e-06,0.000000000000000000e+00,0.000000000000000000e+00
-7.325406399765157275e-06,0.000000000000000000e+00,0.000000000000000000e+00
1.008724255126803981e-06,0.000000000000000000e+00,0.000000000000000000e+00
3.098811336225061228e-05,0.000000000000000000e+00,0.000000000000000000e+00
-4.186769730602827818e-05,0.000000000000000000e+00,0.000000000000000000e+00
-6.503774438126918691e-06,0.000000000000000000e+00,0.000000000000000000e+00
1.154275459507373378e-05,0.000000000000000000e+00,0.000000000000000000e+00
-1.279315600896907118e-06,0.000000000000000000e+00,0.000000000000000000e+00
7.350192311797056423e-06,0.000000000000000000e+00,0.000000000000000000e+00
5.938718380484638292e-05,0.000000000000000000e+00,0.000000000000000000e+00
-3.245626841386845197e-05,0.000000000000000000e+00,0.000000000000000000e+00
-7.332234827010014569e-06,0.000000000000000000e+00,0.000000000000000000e+00
7.358807211321234456e-06,0.000000000000000000e+00,0.000000000000000000e+00
3.784030384170582737e-05,0.000000000000000000e+00,0.000000000000000000e+00
-2.077709654888296097e-05,0.000000000000000000e+00,0.000000000000000000e+00
4.283972402967762362e-05,0.000000000000000000e+00,0.000000000000000000e+00
3.879900347488408934e-05,0.000000000000000000e+00,0.000000000000000000e+00
1.350430524006649376e-05,0.000000000000000000e+00,0.000000000000000000e+00
-1.968279572697007951e-05,0.000000000000000000e+00,0.000000000000000000e+00
-2.170648943035048404e-05,0.000000000000000000e+00,0.000000000000000000e+00
-2.947926414998870709e-05,0.000000000000000000e+00,0.000000000000000000e+00
-3.660412868238058841e-06,0.000000000000000000e+00,0.000000000000000000e+00
2.938922613040437469e-06,0.000000000000000000e+00,0.000000000000000000e+00
-1.626442858081024079e-05,0.000000000000000000e+00,0.000000000000000000e+00
3.786253971671967147e-05,0.000000000000000000e+00,0.000000000000000000e+00
-8.024490840745584461e-06,0.000000000000000000e+00,0.000000000000000000e+00
2.128630544406428013e-05,0.000000000000000000e+00,0.000000000000000000e+00
-3.330897906830614460e-05,0.000000000000000000e+00,0.000000000000000000e+00
-6.567913980711727202e-07,0.000000000000000000e+00,0.000000000000000000e+00
-1.300168532879908463e-05,0.000000000000000000e+00,0.000000000000000000e+00
-1.115684017774760145e-05,0.000000000000000000e+00,0.000000000000000000e+00
1.459875154294601306e-06,0.000000000000000000e+00,0.000000000000000000e+00
-2.674290468043749277e-05,0.000000000000000000e+00,0.000000000000000000e+00
1.621775138443683163e-05,0.000000000000000000e+00,0.000000000000000000e+00
1.231009514750666670e-05,0.000000000000000000e+00,0.000000000000000000e+00
-4.151038229264355318e-05,0.000000000000000000e+00,0.000000000000000000e+00
1.997934657481000495e-05,0.000000000000000000e+00,0.000000000000000000e+00
-3.744104389756133615e-06,0.000000000000000000e+00,0.000000000000000000e+00
2.146742449868342875e-06,0.000000000000000000e+00,0.000000000000000000e+00
3.671274930797521557e-05,0.000000000000000000e+00,0.000000000000000000e+00
-2.049855542861009350e-05,0.000000000000000000e+00,0.000000000000000000e+00
1.170255693213650744e-05,0.000000000000000000e+00,0.000000000000000000e+00
3.857971890746472609e-09,0.000000000000000000e+00,0.000000000000000000e+00
1.764461594431918217e-05,0.000000000000000000e+00,0.000000000000000000e+00
-5.281683557810281352e-05,0.000000000000000000e+00,0.000000000000000000e+00
-1.169322802246275985e-06,0.000000000000000000e+00,0.000000000000000000e+00
2.202904107457008117e-05,0.000000000000000000e+00,0.000000000000000000e+00
1.256934627824229932e-05,0.000000000000000000e+00,0.000000000000000000e+00
6.969673643795619477e-06,0.000000000000000000e+00,0.000000000000000000e+00
-1.537487723151836474e-05,0.000000000000000000e+00,0.000000000000000000e+00
-4.381672472666365902e-06,0.000000000000000000e+00,0.000000000000000000e+00
-2.380044012582132950e-05,0.000000000000000000e+00,0.000000000000000000e+00
-1.211012929970696586e-05,0.000000000000000000e+00,0.000000000000000000e+00
3.145767303734529793e-05,0.000000000000000000e+00,0.000000000000000000e+00
3.034814843898180073e-05,0.000000000000000000e+00,0.000000000000000000e+00
-4.543371507403164462e-06,0.000000000000000000e+00,0.000000000000000000e+00
1.359472015854766790e-05,0.000000000000000000e+00,0.000000000000000000e+00
-3.110228301843519320e-05,0.000000000000000000e+00,0.000000000000000000e+00
-3.712704384234352526e-05,0.000000000000000000e+00,0.000000000000000000e+00
-8.221169464483913666e-06,0.000000000000000000e+00,0.000000000000000000e+00
1.916198971701738149e-05,0.000000000000000000e+00,0.000000000000000000e+00
2.352935747405704352e-05,0.000000000000000000e+00,0.000000000000000000e+00
-1.162186637725458672e-05,0.000000000000000000e+00,0.000000000000000000e+00
1.576947254853647203e-05,0.000000000000000000e+00,0.000000000000000000e+00
5.487350206406678489e-06,0.000000000000000000e+00,0.000000000000000000e+00
3.873990604674128850e-06,0.000000000000000000e+00,0.000000000000000000e+00
-2.504909958539409912e-06,0.000000000000000000e+00,0.000000000000000000e+00
2.121092981389594752e-05,0.000000000000000000e+00,0.000000000000000000e+00
-2.901239428182948258e-06,0.000000000000000000e+00,0.000000000000000000e+00
-8.804336504622090637e-06,0.000000000000000000e+00,0.000000000000000000e+00
-4.730299542383917345e-06,0.000000000000000000e+00,0.000000000000000000e+00
-1.104523135545157959e-05,0.000000000000000000e+00,0.000000000000000000e+00
-1.677750962640863820e-05,0.000000000000000000e+00,0.000000000000000000e+00
-3.845129997331008225e-05,0.000000000000000000e+00,0.000000000000000000e+00
2.983602209052117827e-05,0.000000000000000000e+00,0.000000000000000000e+00
3.874185968225782930e-05,0.000000000000000000e+00,0.000000000000000000e+00
-1.861123674405276940e-05,0.000000000000000000e+00,0.000000000000000000e+00
-2.792795875445112062e-05,0.000000000000000000e+00,0.000000000000000000e+00
-9.282158736354732386e-06,0.000000000000000000e+00,0.000000000000000000e+00
1.180790333026696961e-05,0.000000000000000000e+00,0.000000000000000000e+00
7.470991400165482558e-06,0.000000000000000000e+00,0.000000000000000000e+00
8.618715681430940488e-06,0.000000000000000000e+00,0.000000000000000000e+00
-3.636380464058412130e-06,0.000000000000000000e+00,0.000000000000000000e+00
-4.765859286852544216e-05,0.000000000000000000e+00,0.000000000000000000e+00
-1.630455778189621060e-05,0.000000000000000000e+00,0.000000000000000000e+00
2.005927659309532727e-06,0.000000000000000000e+00,0.000000000000000000e+00
2.904244462131678857e-05,0.000000000000000000e+00,0.000000000000000000e+00
1.813768232770231732e-05,0.000000000000000000e+00,0.000000000000000000e+00
-1.634512542179785273e-05,0.000000000000000000e+00,0.000000000000000000e+00
3.905372095946188331e-06,0.000000000000000000e+00,0.000000000000000000e+00
-2.690065387509956647e-05,0.000000000000000000e+00,0.000000000000000000e+00
-1.668855681591143320e-05,0.000000000000000000e+00,0.000000000000000000e+00
-1.549895132456092915e-05,0.000000000000000000e+00,0.000000000000000000e+00
-9.548310925275307149e-06,0.000000000000000000e+00,0.000000000000000000e+00
4.333564920833086670e-06,0.000000000000000000e+00,0.000000000000000000e+00
-1.725201278840625264e-05,0.000000000000000000e+00,0.000000000000000000e+00
2.832404684722308349e-05,0.000000000000000000e+00,0.000000000000000000e+00
-3.505618101978233886e-05,0.000000000000000000e+00,0.000000000000000000e+00
-3.786045963538519298e-05,0.000000000000000000e+00,0.000000000000000000e+00
-3.587820719176143281e-05,0.000000000000000000e+00,0.000000000000000000e+00
7.671217348670375928e-06,0.000000000000000000e+00,0.000000000000000000e+00
1.156056186603171234e-05,0.000000000000000000e+00,0.000000000000000000e+00
1.501683888060444012e-06,0.000000000000000000e+00,0.000000000000000000e+00
-8.052899513423777194e-06,0.000000000000000000e+00,0.000000000000000000e+00
-3.209635247044927012e-05,0.000000000000000000e+00,0.000000000000000000e+00
-3.419360378565903859e-06,0.000000000000000000e+00,0.000000000000000000e+00
-1.640565020169707549e-05,0.000000000000000000e+00,0.000000000000000000e+00
3.954000820412078410e-05,0.000000000000000000e+00,0.000000000000000000e+00
9.959275546234259353e-06,0.000000000000000000e+00,0.000000000000000000e+00
1.899739093770395982e-05,0.000000000000000000e+00,0.000000000000000000e+00
1.539553467106157962e-05,0.000000000000000000e+00,0.000000000000000000e+00
-2.442080299655049889e-05,0.000000000000000000e+00,0.000000000000000000e+00
-1.754358169792315838e-05,0.000000000000000000e+00,0.000000000000000000e+00
-8.000004228382321178e-06,0.000000000000000000e+00,0.000000000000000000e+00
7.751224255196300736e-06,0.000000000000000000e+00,0.000000000000000000e+00
-1.594862624769238601e-05,0.000000000000000000e+00,0.000000000000000000e+00
-8.595438144519781546e-07,0.000000000000000000e+00,0.000000000000000000e+00
-2.505712642270729507e-05,0.000000000000000000e+00,0.000000000000000000e+00
-1.880726557831063301e-05,0.000000000000000000e+00,0.000000000000000000e+00
-1.858271286512007238e-05,0.000000000000000000e+00,0.000000000000000000e+00
-1.164455397688947966e-05,0.000000000000000000e+00,0.000000000000000000e+00
-8.570314357295358073e-06,0.000000000000000000e+00,0.000000000000000000e+00
-4.151836945752391708e-06,0.000000000000000000e+00,0.000000000000000000e+00
-3.175443718343501695e-05,0.000000000000000000e+00,0.000000000000000000e+00
-1.138932954692638954e-05,0.000000000000000000e+00,0.000000000000000000e+00
-8.728024066797242621e-06,0.000000000000000000e+00,0.000000000000000000e+00
-2.221438671996515770e-05,0.000000000000000000e+00,0.000000000000000000e+00
-9.711843113445717981e-06,0.000000000000000000e+00,0.000000000000000000e+00
1.538620445554105069e-05,0.000000000000000000e+00,0.000000000000000000e+00
-1.066576294494180562e-05,0.000000000000000000e+00,0.000000000000000000e+00
8.802303421160680464e-06,0.000000000000000000e+00,0.000000000000000000e+00
-2.331324345239437463e-05,0.000000000000000000e+00,0.000000000000000000e+00
-2.427314257223615491e-05,0.000000000000000000e+00,0.000000000000000000e+00
-2.145094808975706889e-05,0.000000000000000000e+00,0.000000000000000000e+00
1.887769324169161686e-05,0.000000000000000000e+00,0.000000000000000000e+00
1.120167209529751009e-05,0.000000000000000000e+00,0.000000000000000000e+00
8.464997217728138128e-06,0.000000000000000000e+00,0.000000000000000000e+00
-2.332473297853985861e-05,0.000000000000000000e+00,0.000000000000000000e+00
-2.891955148710908762e-05,0.000000000000000000e+00,0.000000000000000000e+00
-3.557013298211974140e-05,0.000000000000000000e+00,0.000000000000000000e+00
1.395534388831022581e-05,0.000000000000000000e+00,0.000000000000000000e+00
1.001192453774910089e-05,0.000000000000000000e+00,0.000000000000000000e+00
1.356121444963076179e-05,0.000000000000000000e+00,0.000000000000000000e+00
1.555094819236799088e-05,0.000000000000000000e+00,0.000000000000000000e+00
-2.278605887865265705e-05,0.000000000000000000e+00,0.000000000000000000e+00
-2.511192686876511610e-05,0.000000000000000000e+00,0.000000000000000000e+00
4.821677830379541253e-06,0.000000000000000000e+00,0.000000000000000000e+00
-1.302569627280295134e-05,0.000000000000000000e+00,0.000000000000000000e+00
-2.525009517393831434e-05,0.000000000000000000e+00,0.000000000000000000e+00
-8.264954179038167702e-06,0.000000000000000000e+00,0.000000000000000000e+00
1.928573531703160445e-05,0.000000000000000000e+00,0.000000000000000000e+00
-5.570637587381360226e-06,0.000000000000000000e+00,0.000000000000000000e+00
-3.357881694855025412e-05,0.000000000000000000e+00,0.000000000000000000e+00
1.644460483953661056e-06,0.000000000000000000e+00,0.000000000000000000e+00
7.115320903885727527e-06,0.000000000000000000e+00,0.000000000000000000e+00
-4.127771252481340030e-06,0.000000000000000000e+00,0.000000000000000000e+00
-2.313129688875129077e-05,0.000000000000000000e+00,0.000000000000000000e+00
-2.080650429304120305e-06,0.000000000000000000e+00,0.000000000000000000e+00
-4.385578354331595642e-06,0.000000000000000000e+00,0.000000000000000000e+00
-4.832186054074846901e-06,0.000000000000000000e+00,0.000000000000000000e+00
3.066854497176885533e-05,0.000000000000000000e+00,0.000000000000000000e+00
5.128654734043437918e-05,0.000000000000000000e+00,0.000000000000000000e+00
-1.135367661490850160e-05,0.000000000000000000e+00,0.000000000000000000e+00
2.848114107183484452e-05,0.000000000000000000e+00,0.000000000000000000e+00
-1.816115620546563024e-05,0.000000000000000000e+00,0.000000000000000000e+00
4.846922904209086900e-06,0.000000000000000000e+00,0.000000000000000000e+00
2.703082704237714913e-05,0.000000000000000000e+00,0.000000000000000000e+00
-1.182523489562206516e-05,0.000000000000000000e+00,0.000000000000000000e+00
-2.766541528849270195e-05,0.000000000000000000e+00,0.000000000000000000e+00
-9.146652775962531320e-06,0.000000000000000000e+00,0.000000000000000000e+00
-5.753037401405985703e-06,0.000000000000000000e+00,0.000000000000000000e+00
-2.029642523555991285e-05,0.000000000000000000e+00,0.000000000000000000e+00
2.670997035444419414e-05,0.000000000000000000e+00,0.000000000000000000e+00
-9.776944401502512421e-06,0.000000000000000000e+00,0.000000000000000000e+00
1.590228328111482760e-06,0.000000000000000000e+00,0.000000000000000000e+00
-1.878296022084628047e-05,0.000000000000000000e+00,0.000000000000000000e+00
-1.671242388874455859e-05,0.000000000000000000e+00,0.000000000000000000e+00
3.026761910495302002e-05,0.000000000000000000e+00,0.000000000000000000e+00
-6.755676215620700849e-06,0.000000000000000000e+00,0.000000000000000000e+00
3.044804413582052782e-05,0.000000000000000000e+00,0.000000000000000000e+00
5.702392824758574799e-06,0.000000000000000000e+00,0.000000000000000000e+00
-2.713159357773032481e-05,0.000000000000000000e+00,0.000000000000000000e+00
1.772458542344592118e-05,0.000000000000000000e+00,0.000000000000000000e+00
-2.924835883670035263e-05,0.000000000000000000e+00,0.000000000000000000e+00
-4.261306940096163510e-05,0.000000000000000000e+00,0.000000000000000000e+00
5.696759302578683799e-06,0.000000000000000000e+00,0.000000000000000000e+00
1.905836964222419450e-05,0.000000000000000000e+00,0.000000000000000000e+00
1.145301352150500835e-05,0.000000000000000000e+00,0.000000000000000000e+00
3.962743847266434749e-06,0.000000000000000000e+00,0.000000000000000000e+00
-1.170801628923446600e-05,0.000000000000000000e+00,0.000000000000000000e+00
-3.943650136276852292e-06,0.000000000000000000e+00,0.000000000000000000e+00
2.023174813073389019e-05,0.000000000000000000e+00,0.000000000000000000e+00
6.635339829756188007e-06,0.000000000000000000e+00,0.000000000000000000e+00
-2.697974621753946559e-06,0.000000000000000000e+00,0.000000000000000000e+00
-7.053394845968676967e-06,0.000000000000000000e+00,0.000000000000000000e+00
2.596455979059219421e-05,0.000000000000000000e+00,0.000000000000000000e+00
7.759040106619585292e-06,0.000000000000000000e+00,0.000000000000000000e+00
3.369037221310208703e-05,0.000000000000000000e+00,0.000000000000000000e+00
2.029799662596078717e-05,0.000000000000000000e+00,0.000000000000000000e+00
2.563097255576384878e-05,0.000000000000000000e+00,0.000000000000000000e+00
1.288431698177500138e-05,0.000000000000000000e+00,0.000000000000000000e+00
5.939050178229937606e-07,0.000000000000000000e+00,0.000000000000000000e+00
-2.455527809233453727e-06,0.000000000000000000e+00,0.000000000000000000e+00
1.137500844587478468e-05,0.000000000000000000e+00,0.000000000000000000e+00
-2.754868298705259947e-05,0.000000000000000000e+00,0.000000000000000000e+00
-2.965458389487525442e-05,0.000000000000000000e+00,0.000000000000000000e+00
-1.214183210216069838e-05,0.000000000000000000e+00,0.000000000000000000e+00
4.226209034219577866e-06,0.000000000000000000e+00,0.000000000000000000e+00
-2.275445293409742588e-06,0.000000000000000000e+00,0.000000000000000000e+00
-1.194050746327960805e-05,0.000000000000000000e+00,0.000000000000000000e+00
5.216539285930309883e-05,0.000000000000000000e+00,0.000000000000000000e+00
-3.444313069235133205e-05,0.000000000000000000e+00,0.000000000000000000e+00
1.386340422858483537e-05,0.000000000000000000e+00,0.000000000000000000e+00
-1.684728194085946629e-05,0.000000000000000000e+00,0.000000000000000000e+00
-1.928613270807064207e-05,0.000000000000000000e+00,0.000000000000000000e+00
-5.935158571340281539e-05,0.000000000000000000e+00,0.000000000000000000e+00
3.340952985543745486e-06,0.000000000000000000e+00,0.000000000000000000e+00
2.471484132323329338e-05,0.000000000000000000e+00,0.000000000000000000e+00
-2.753106022974479371e-05,0.000000000000000000e+00,0.000000000000000000e+00
-1.145153410359230908e-05,0.000000000000000000e+00,0.000000000000000000e+00
-7.293677777417361195e-07,0.000000000000000000e+00,0.000000000000000000e+00
1.875943011754205132e-05,0.000000000000000000e+00,0.000000000000000000e+00
-2.182097857688309131e-05,0.000000000000000000e+00,0.000000000000000000e+00
-2.360763783772802806e-05,0.000000000000000000e+00,0.000000000000000000e+00
-6.843442569251946703e-06,0.000000000000000000e+00,0.000000000000000000e+00
-4.399177756258264947e-06,0.000000000000000000e+00,0.000000000000000000e+00
1.205805101386926320e-05,0.000000000000000000e+00,0.000000000000000000e+00
-4.838428750593059032e-06,0.000000000000000000e+00,0.000000000000000000e+00
-3.433093909672314651e-05,0.000000000000000000e+00,0.000000000000000000e+00
-3.037439114442053422e-05,0.000000000000000000e+00,0.000000000000000000e+00
-1.909756613600055385e-05,0.000000000000000000e+00,0.000000000000000000e+00
1.069037813731974007e-06,0.000000000000000000e+00,0.000000000000000000e+00
1.285621061698217135e-05,0.000000000000000000e+00,0.000000000000000000e+00
3.311268367616416119e-05,0.000000000000000000e+00,0.000000000000000000e+00
-2.392962698471649249e-05,0.000000000000000000e+00,0.000000000000000000e+00
2.744037316207724575e-05,0.000000000000000000e+00,0.000000000000000000e+00
-8.534254218563663494e-06,0.000000000000000000e+00,0.000000000000000000e+00
-2.268008929497046538e-05,0.000000000000000000e+00,0.000000000000000000e+00
1.191564378088985628e-05,0.000000000000000000e+00,0.000000000000000000e+00
-4.484550090789222673e-05,0.000000000000000000e+00,0.000000000000000000e+00
9.550456078426889780e-06,0.000000000000000000e+00,0.000000000000000000e+00
-2.869681332795535322e-05,0.000000000000000000e+00,0.000000000000000000e+00
-3.918027555844729733e-05,0.000000000000000000e+00,0.000000000000000000e+00
-3.828533002679301712e-06,0.000000000000000000e+00,0.000000000000000000e+00
-3.591199138403745357e-05,0.000000000000000000e+00,0.000000000000000000e+00
-9.488574795034739607e-06,0.000000000000000000e+00,0.000000000000000000e+00
-6.422745605276278942e-06,0.000000000000000000e+00,0.000000000000000000e+00
-1.683085770715832155e-05,0.000000000000000000e+00,0.000000000000000000e+00
4.444174852393567495e-06,0.000000000000000000e+00,0.000000000000000000e+00
-1.813154621484839931e-05,0.000000000000000000e+00,0.000000000000000000e+00
1.893566042210237201e-05,0.000000000000000000e+00,0.000000000000000000e+00
-7.446313222188116773e-06,0.000000000000000000e+00,0.000000000000000000e+00
2.555429066428380292e-05,0.000000000000000000e+00,0.000000000000000000e+00
3.119098941059105911e-05,0.000000000000000000e+00,0.000000000000000000e+00
2.664285312726230600e-05,0.000000000000000000e+00,0.000000000000000000e+00
-1.966758404120565323e-05,0.000000000000000000e+00,0.000000000000000000e+00
1.098126201027654466e-05,0.000000000000000000e+00,0.000000000000000000e+00
9.597173060194761984e-06,0.000000000000000000e+00,0.000000000000000000e+00
2.632356683037686784e-05,0.000000000000000000e+00,0.000000000000000000e+00
1.824495773730391301e-05,0.000000000000000000e+00,0.000000000000000000e+00
-2.589283870991126452e-06,0.000000000000000000e+00,0.000000000000000000e+00
1.602140713833694154e-06,0.000000000000000000e+00,0.000000000000000000e+00
-2.166655750376542461e-05,0.000000000000000000e+00,0.000000000000000000e+00
-1.050539211901022383e-05,0.000000000000000000e+00,0.000000000000000000e+00
2.422240629754681126e-05,0.000000000000000000e+00,0.000000000000000000e+00
-1.329743149334431693e-05,0.000000000000000000e+00,0.000000000000000000e+00
-3.270576175795710106e-06,0.000000000000000000e+00,0.000000000000000000e+00
-4.164604728288715529e-06,0.000000000000000000e+00,0.000000000000000000e+00
1.421997044515029038e-05,0.000000000000000000e+00,0.000000000000000000e+00
-9.229725329682469473e-06,0.000000000000000000e+00,0.000000000000000000e+00
3.585112883700796973e-05,0.000000000000000000e+00,0.000000000000000000e+00
-2.931217584543038661e-05,0.000000000000000000e+00,0.000000000000000000e+00
-1.079927733173677480e-05,0.000000000000000000e+00,0.000000000000000000e+00
-2.409812958622307470e-06,0.000000000000000000e+00,0.000000000000000000e+00
3.540870511188884664e-06,0.000000000000000000e+00,0.000000000000000000e+00
4.373073501379512282e-06,0.000000000000000000e+00,0.000000000000000000e+00
-9.173750229943614110e-06,0.000000000000000000e+00,0.000000000000000000e+00
-1.508460150129005521e-05,0.000000000000000000e+00,0.000000000000000000e+00
-5.830087824279183089e-06,0.000000000000000000e+00,0.000000000000000000e+00
-8.109506364975789400e-06,0.000000000000000000e+00,0.000000000000000000e+00
-3.500048147173955628e-05,0.000000000000000000e+00,0.000000000000000000e+00
-1.211533483409181902e-05,0.000000000000000000e+00,0.000000000000000000e+00
8.704195329323491118e-06,0.000000000000000000e+00,0.000000000000000000e+00
-2.318046177593377353e-05,0.000000000000000000e+00,0.000000000000000000e+00
5.609364588093213333e-06,0.000000000000000000e+00,0.000000000000000000e+00
-2.158114905668687681e-05,0.000000000000000000e+00,0.000000000000000000e+00
-1.168309363495712647e-05,0.000000000000000000e+00,0.000000000000000000e+00
5.526512085904249397e-05,0.000000000000000000e+00,0.000000000000000000e+00
3.936922097888097483e-05,0.000000000000000000e+00,0.000000000000000000e+00
5.318793838621867551e-06,0.000000000000000000e+00,0.000000000000000000e+00
-1.188914345372242825e-06,0.000000000000000000e+00,0.000000000000000000e+00
2.170154647940757046e-06,0.000000000000000000e+00,0.000000000000000000e+00
1.864837505997579158e-05,0.000000000000000000e+00,0.000000000000000000e+00
-7.720049412401457914e-06,0.000000000000000000e+00,0.000000000000000000e+00
2.401441818902956210e-05,0.000000000000000000e+00,0.000000000000000000e+00
2.370414165564237093e-05,0.000000000000000000e+00,0.000000000000000000e+00
-1.758078161030625353e-05,0.000000000000000000e+00,0.000000000000000000e+00
1.126386678064723232e-05,0.000000000000000000e+00,0.000000000000000000e+00
2.608865021373980483e-06,0.000000000000000000e+00,0.000000000000000000e+00
1.802476780526323220e-05,0.000000000000000000e+00,0.000000000000000000e+00
5.823865840915992455e-06,0.000000000000000000e+00,0.000000000000000000e+00
3.422443831028037968e-06,0.000000000000000000e+00,0.000000000000000000e+00
3.324337222819973345e-05,0.000000000000000000e+00,0.000000000000000000e+00
3.870060593511843821e-05,0.000000000000000000e+00,0.000000000000000000e+00
3.562178765113409147e-06,0.000000000000000000e+00,0.000000000000000000e+00
-7.532137172054466771e-06,0.000000000000000000e+00,0.000000000000000000e+00
1.478979834191055328e-06,0.000000000000000000e+00,0.000000000000000000e+00
2.532669433638963760e-05,0.000000000000000000e+00,0.000000000000000000e+00
1.281926498413358753e-05,0.000000000000000000e+00,0.000000000000000000e+00
-3.571185206577351334e-06,0.000000000000000000e+00,0.000000000000000000e+00
5.579911239765846893e-06,0.000000000000000000e+00,0.000000000000000000e+00
1.914894455315067096e-05,0.000000000000000000e+00,0.000000000000000000e+00
7.813407386018368674e-06,0.000000000000000000e+00,0.000000000000000000e+00
-3.076809191210163518e-05,0.000000000000000000e+00,0.000000000000000000e+00
-2.365953414622319170e-05,0.000000000000000000e+00,0.000000000000000000e+00
1.997772808443861058e-05,0.000000000000000000e+00,0.000000000000000000e+00
-8.890743315738612688e-06,0.000000000000000000e+00,0.000000000000000000e+00
1.253356544046071789e-05,0.000000000000000000e+00,0.000000000000000000e+00
2.056906791805678425e-05,0.000000000000000000e+00,0.000000000000000000e+00
1.604866198966290815e-06,0.000000000000000000e+00,0.000000000000000000e+00
-1.879387756058401236e-06,0.000000000000000000e+00,0.000000000000000000e+00
6.690611868003091890e-06,0.000000000000000000e+00,0.000000000000000000e+00
3.505666780478692984e-06,0.000000000000000000e+00,0.000000000000000000e+00
2.011890072208342560e-05,0.000000000000000000e+00,0.000000000000000000e+00
-2.537587232419735315e-05,0.000000000000000000e+00,0.000000000000000000e+00
9.111545554671652021e-06,0.000000000000000000e+00,0.000000000000000000e+00
3.364889292031497214e-05,0.000000000000000000e+00,0.000000000000000000e+00
5.287848668962957398e-06,0.000000000000000000e+00,0.000000000000000000e+00
1.906945040342094647e-05,0.000000000000000000e+00,0.000000000000000000e+00
1.641305612232091569e-05,0.000000000000000000e+00,0.000000000000000000e+00
-1.055974325966368694e-05,0.000000000000000000e+00,0.000000000000000000e+00
-8.448590504397653758e-07,0.000000000000000000e+00,0.000000000000000000e+00
1.897350653535874831e-05,0.000000000000000000e+00,0.000000000000000000e+00
1.837968977907461159e-06,0.000000000000000000e+00,0.000000000000000000e+00
-1.693232514792746246e-05,0.000000000000000000e+00,0.000000000000000000e+00
1.497881668746949567e-05,0.000000000000000000e+00,0.000000000000000000e+00
9.429582493165585008e-06,0.000000000000000000e+00,0.000000000000000000e+00
-2.411032610926523815e-06,0.000000000000000000e+00,0.000000000000000000e+00
2.748976330254066777e-05,0.000000000000000000e+00,0.000000000000000000e+00
-3.833200146120120764e-05,0.000000000000000000e+00,0.000000000000000000e+00
-1.030874712173572119e-05,0.000000000000000000e+00,0.000000000000000000e+00
8.949988398765452153e-06,0.000000000000000000e+00,0.000000000000000000e+00
1.482575096345664615e-05,0.000000000000000000e+00,0.000000000000000000e+00
-1.100978594628013632e-05,0.000000000000000000e+00,0.000000000000000000e+00
6.837019639840102227e-06,0.000000000000000000e+00,0.000000000000000000e+00
1.448906141110263943e-06,0.000000000000000000e+00,0.000000000000000000e+00
-1.276222277498893913e-06,0.000000000000000000e+00,0.000000000000000000e+00
1.549106103243250847e-06,0.000000000000000000e+00,0.000000000000000000e+00
4.180420848586702005e-05,0.000000000000000000e+00,0.000000000000000000e+00
-6.843209595035379876e-06,0.000000000000000000e+00,0.000000000000000000e+00
-9.603635038660101339e-06,0.000000000000000000e+00,0.000000000000000000e+00
-3.142865611859855726e-05,0.000000000000000000e+00,0.000000000000000000e+00
-2.070093721582444711e-06,0.000000000000000000e+00,0.000000000000000000e+00
-9.648761522673350349e-06,0.000000000000000000e+00,0.000000000000000000e+00
-1.610379711365097731e-06,0.000000000000000000e+00,0.000000000000000000e+00
2.064846981676740883e-05,0.000000000000000000e+00,0.000000000000000000e+00
1.733190787729912684e-05,0.000000000000000000e+00,0.000000000000000000e+00
2.611595164114748595e-05,0.000000000000000000e+00,0.000000000000000000e+00
2.147394832838393071e-06,0.000000000000000000e+00,0.000000000000000000e+00
-2.129536561043747202e-05,0.000000000000000000e+00,0.000000000000000000e+00
-1.982324110165159631e-05,0.000000000000000000e+00,0.000000000000000000e+00
-2.673263490277259511e-06,0.000000000000000000e+00,0.000000000000000000e+00
2.051496194203095429e-05,0.000000000000000000e+00,0.000000000000000000e+00
-1.728772478608032372e-05,0.000000000000000000e+00,0.000000000000000000e+00
5.126798708284327527e-07,0.000000000000000000e+00,0.000000000000000000e+00
-1.739636768528174813e-05,0.000000000000000000e+00,0.000000000000000000e+00
-7.301615504472255617e-06,0.000000000000000000e+00,0.000000000000000000e+00
2.781583828922934350e-05,0.000000000000000000e+00,0.000000000000000000e+00
3.292614685128054871e-05,0.000000000000000000e+00,0.000000000000000000e+00
-1.210448971812375286e-06,0.000000000000000000e+00,0.000000000000000000e+00
-5.012331395255508251e-06,0.000000000000000000e+00,0.000000000000000000e+00
2.395040245563380380e-05,0.000000000000000000e+00,0.000000000000000000e+00
1.631657924110186520e-05,0.000000000000000000e+00,0.000000000000000000e+00
-1.649766274767228507e-05,0.000000000000000000e+00,0.000000000000000000e+00
-2.853726012185020170e-06,0.000000000000000000e+00,0.000000000000000000e+00
-2.104113100094958050e-05,0.000000000000000000e+00,0.000000000000000000e+00
5.243537116672200505e-07,0.000000000000000000e+00,0.000000000000000000e+00
3.253378062182562505e-05,0.000000000000000000e+00,0.000000000000000000e+00
-2.720480018202488922e-06,0.000000000000000000e+00,0.000000000000000000e+00
-7.497280448631644752e-06,0.000000000000000000e+00,0.000000000000000000e+00
1.239322200669474212e-05,0.000000000000000000e+00,0.000000000000000000e+00
1.526246747896363123e-05,0.000000000000000000e+00,0.000000000000000000e+00
1.474541830364284242e-06,0.000000000000000000e+00,0.000000000000000000e+00
-2.162899225013276520e-06,0.000000000000000000e+00,0.000000000000000000e+00
-1.433464151538918102e-05,0.000000000000000000e+00,0.000000000000000000e+00
3.864782368914348082e-05,0.000000000000000000e+00,0.000000000000000000e+00
1.525649200858006953e-05,0.000000000000000000e+00,0.000000000000000000e+00
-8.268083844492785060e-06,0.000000000000000000e+00,0.000000000000000000e+00
3.435978647668302846e-05,0.000000000000000000e+00,0.000000000000000000e+00
2.959079282316899958e-05,0.000000000000000000e+00,0.000000000000000000e+00
-6.650382479388547106e-06,0.000000000000000000e+00,0.000000000000000000e+00
-2.924854781526769196e-05,0.000000000000000000e+00,0.000000000000000000e+00
-7.180983098960456415e-06,0.000000000000000000e+00,0.000000000000000000e+00
2.887857129599561830e-05,0.000000000000000000e+00,0.000000000000000000e+00
-1.487754974933194905e-05,0.000000000000000000e+00,0.000000000000000000e+00
-2.357465729827572246e-05,0.000000000000000000e+00,0.000000000000000000e+00
-2.211240406253262697e-05,0.000000000000000000e+00,0.000000000000000000e+00
-1.659942652502528841e-05,0.000000000000000000e+00,0.000000000000000000e+00
-2.637378715494537474e-05,0.000000000000000000e+00,0.000000000000000000e+00
1.253716441509997889e-05,0.000000000000000000e+00,0.000000000000000000e+00
-1.711525983382927208e-05,0.000000000000000000e+00,0.000000000000000000e+00
-2.057128179566584922e-05,0.000000000000000000e+00,0.000000000000000000e+00
-1.786994647938176827e-05,0.000000000000000000e+00,0.000000000000000000e+00
-1.854313337458415851e-05,0.000000000000000000e+00,0.000000000000000000e+00
-3.108617580685376718e-06,0.000000000000000000e+00,0.000000000000000000e+00
-1.076013817990835073e-05,0.000000000000000000e+00,0.000000000000000000e+00
-1.336248068136683819e-05,0.000000000000000000e+00,0.000000000000000000e+00
-3.906552751161302415e-06,0.000000000000000000e+00,0.000000000000000000e+00
-2.123441473959357669e-05,0.000000000000000000e+00,0.000000000000000000e+00
-3.143413335674110699e-05,0.000000000000000000e+00,0.000000000000000000e+00
1.092971142178931567e-05,0.000000000000000000e+00,0.000000000000000000e+00
2.588672127706788699e-05,0.000000000000000000e+00,0.000000000000000000e+00
7.297656841106148537e-06,0.000000000000000000e+00,0.000000000000000000e+00
8.577197032182523790e-06,0.000000000000000000e+00,0.000000000000000000e+00
9.172206155806916219e-06,0.000000000000000000e+00,0.000000000000000000e+00
-1.470597544358627329e-05,0.000000000000000000e+00,0.000000000000000000e+00
2.943681805114082208e-05,0.000000000000000000e+00,0.000000000000000000e+00
3.432828231289644275e-05,0.000000000000000000e+00,0.000000000000000000e+00
9.636157659004247018e-06,0.000000000000000000e+00,0.000000000000000000e+00
-2.299813606920544568e-05,0.000000000000000000e+00,0.000000000000000000e+00
1.844443288737151917e-05,0.000000000000000000e+00,0.000000000000000000e+00
-2.303221250512951329e-05,0.000000000000000000e+00,0.000000000000000000e+00
-1.127815505972162167e-05,0.000000000000000000e+00,0.000000000000000000e+00
-4.194291157397292142e-05,0.000000000000000000e+00,0.000000000000000000e+00
-1.805431571224790019e-06,0.000000000000000000e+00,0.000000000000000000e+00
1.849552537854205083e-05,0.000000000000000000e+00,0.000000000000000000e+00
3.870126181244589668e-06,0.000000000000000000e+00,0.000000000000000000e+00
-3.320360775950231840e-05,0.000000000000000000e+00,0.000000000000000000e+00
-2.371550397111112256e-05,0.000000000000000000e+00,0.000000000000000000e+00
1.990815140422853345e-05,0.000000000000000000e+00,0.000000000000000000e+00
1.849969555405670701e-05,0.000000000000000000e+00,0.000000000000000000e+00
-3.919468488982985160e-05,0.000000000000000000e+00,0.000000000000000000e+00
1.764584368408287091e-06,0.000000000000000000e+00,0.000000000000000000e+00
-1.076736985032591724e-06,0.000000000000000000e+00,0.000000000000000000e+00
-9.406487107314947588e-06,0.000000000000000000e+00,0.000000000000000000e+00
4.177525804264471204e-05,0.000000000000000000e+00,0.000000000000000000e+00
-3.098968995834500514e-05,0.000000000000000000e+00,0.000000000000000000e+00
-1.691955546654680105e-05,0.000000000000000000e+00,0.000000000000000000e+00
4.028264017165415642e-06,0.000000000000000000e+00,0.000000000000000000e+00
2.869594082280008365e-05,0.000000000000000000e+00,0.000000000000000000e+00
2.653778097542513131e-05,0.000000000000000000e+00,0.000000000000000000e+00
5.677549542368304954e-06,0.000000000000000000e+00,0.000000000000000000e+00
2.795019382557926764e-06,0.000000000000000000e+00,0.000000000000000000e+00
-5.019379339034938200e-05,0.000000000000000000e+00,0.000000000000000000e+00
-1.748390379370389720e-05,0.000000000000000000e+00,0.000000000000000000e+00
-1.020404822475446714e-05,0.000000000000000000e+00,0.000000000000000000e+00
-4.552104966618090549e-06,0.000000000000000000e+00,0.000000000000000000e+00
4.668627342557860925e-06,0.000000000000000000e+00,0.000000000000000000e+00
-4.325206363273884932e-07,0.000000000000000000e+00,0.000000000000000000e+00
-9.512415467154091455e-06,0.000000000000000000e+00,0.000000000000000000e+00
3.904168723302629259e-05,0.000000000000000000e+00,0.000000000000000000e+00
9.242538611568427301e-06,0.000000000000000000e+00,0.000000000000000000e+00
4.633329962291339246e-05,0.000000000000000000e+00,0.000000000000000000e+00
2.829408977284492683e-05,0.000000000000000000e+00,0.000000000000000000e+00
-3.425449032290790057e-06,0.000000000000000000e+00,0.000000000000000000e+00
1.864693668888910193e-05,0.000000000000000000e+00,0.000000000000000000e+00
-3.004702627342529478e-05,0.000000000000000000e+00,0.000000000000000000e+00
1.881654896144478739e-05,0.000000000000000000e+00,0.000000000000000000e+00
-3.154531813446387177e-05,0.000000000000000000e+00,0.000000000000000000e+00
-1.359495732326245374e-05,0.000000000000000000e+00,0.000000000000000000e+00
6.930556746975965534e-06,0.000000000000000000e+00,0.000000000000000000e+00
3.987074865149138213e-05,0.000000000000000000e+00,0.000000000000000000e+00
5.352443170454372502e-06,0.000000000000000000e+00,0.000000000000000000e+00
2.370446285355210162e-05,0.000000000000000000e+00,0.000000000000000000e+00
6.418823779801804171e-06,0.000000000000000000e+00,0.000000000000000000e+00
-2.922006842881107408e-05,0.000000000000000000e+00,0.000000000000000000e+00
-2.283642675250419389e-05,0.000000000000000000e+00,0.000000000000000000e+00
-2.268923116902778379e-05,0.000000000000000000e+00,0.000000000000000000e+00
1.477147345246486840e-05,0.000000000000000000e+00,0.000000000000000000e+00
-4.104320862622535149e-05,0.000000000000000000e+00,0.000000000000000000e+00
-1.207994885786805275e-05,0.000000000000000000e+00,0.000000000000000000e+00
-1.068458878709747172e-05,0.000000000000000000e+00,0.000000000000000000e+00
-7.157123291694055774e-06,0.000000000000000000e+00,0.000000000000000000e+00
1.520099102660034527e-06,0.000000000000000000e+00,0.000000000000000000e+00
2.977041171472834961e-06,0.000000000000000000e+00,0.000000000000000000e+00
-1.379456693184310232e-05,0.000000000000000000e+00,0.000000000000000000e+00
-7.067713084158875144e-06,0.000000000000000000e+00,0.000000000000000000e+00
1.003572238700810304e-05,0.000000000000000000e+00,0.000000000000000000e+00
1.818817788249019047e-05,0.000000000000000000e+00,0.000000000000000000e+00
4.887752195676145259e-06,0.000000000000000000e+00,0.000000000000000000e+00
7.282748770418907185e-06,0.000000000000000000e+00,0.000000000000000000e+00
-1.116585498569301671e-05,0.000000000000000000e+00,0.000000000000000000e+00
2.054398925909135276e-06,0.000000000000000000e+00,0.000000000000000000e+00
-1.839985368924509983e-05,0.000000000000000000e+00,0.000000000000000000e+00
3.093696719832451973e-05,0.000000000000000000e+00,0.000000000000000000e+00
-9.748906999386366915e-06,0.000000000000000000e+00,0.000000000000000000e+00
